<?xml version="1.0" encoding="utf-8" standalone="yes"?>
<rss version="2.0" xmlns:atom="http://www.w3.org/2005/Atom">
  <channel>
    <title>Vetrify</title>
    <link>/fr/</link>
    <description>Recent content on Vetrify</description>
    <generator>Hugo -- gohugo.io</generator>
    <language>fr-fr</language>
    <copyright>copyright &amp;copy; 2020 [vetrify](https://vetrify.com) tous droits réservés</copyright>
    
	<atom:link href="/fr/index.xml" rel="self" type="application/rss+xml" />
    
    
  </channel>
</rss>