<?xml version="1.0" encoding="utf-8" standalone="yes"?>
<rss version="2.0" xmlns:atom="http://www.w3.org/2005/Atom">
  <channel>
    <title>Authors on Vetrify</title>
    <link>/author/</link>
    <description>Recent content in Authors on Vetrify</description>
    <generator>Hugo -- gohugo.io</generator>
    <language>en-us</language>
    <copyright>copyright &amp;copy; 2020 [TruthShield, LLC](https://truthshield.io) all right reserved</copyright>
    
	<atom:link href="/author/index.xml" rel="self" type="application/rss+xml" />
    
    
    <item>
      <title>Matt Cochran</title>
      <link>/author/matt-cochran/</link>
      <pubDate>Mon, 01 Jan 0001 00:00:00 +0000</pubDate>
      
      <guid>/author/matt-cochran/</guid>
      <description>I have extensive experience building and leading highly productive and efficient product and technology organizations with hands-on software architecture, system design, and software development skills.</description>
    </item>
    
  </channel>
</rss>