<?xml version="1.0" encoding="utf-8" standalone="yes"?>
<rss version="2.0" xmlns:atom="http://www.w3.org/2005/Atom">
  <channel>
    <title>Authors on Vetrify</title>
    <link>/fr/author/</link>
    <description>Recent content in Authors on Vetrify</description>
    <generator>Hugo -- gohugo.io</generator>
    <language>fr-fr</language>
    <copyright>copyright &amp;copy; 2020 [gethugothemes](https://gethugothemes.com) tous droits réservés</copyright>
    
	<atom:link href="/fr/author/index.xml" rel="self" type="application/rss+xml" />
    
    
    <item>
      <title>John Doe</title>
      <link>/fr/author/john-doe/</link>
      <pubDate>Mon, 01 Jan 0001 00:00:00 +0000</pubDate>
      
      <guid>/fr/author/john-doe/</guid>
      <description>Lorem ipsum dolor sit amet, consectetur adipiscing elit. Proin sit amet vulputate augue. Duis auctor lacus id vehicula gravida.</description>
    </item>
    
    <item>
      <title>Mark Dinn</title>
      <link>/fr/author/mark-dinn/</link>
      <pubDate>Mon, 01 Jan 0001 00:00:00 +0000</pubDate>
      
      <guid>/fr/author/mark-dinn/</guid>
      <description>Lorem ipsum dolor sit amet, consectetur adipiscing elit. Proin sit amet vulputate augue. Duis auctor lacus id vehicula gravida.</description>
    </item>
    
  </channel>
</rss>